TimeGenerated,Id,UserPrincipalName,Identity,IPAddress,AppDisplayName,ResourceDisplayName,ClientAppUsed,ConditionalAccessStatus,Status,DeviceDetail,LocationDetails,AuthenticationRequirement,CorrelationId,HomeTenantId,HomeTenantName,IncomingTokenType,IsInteractive,OriginalRequestId,ServicePrincipalId,ServicePrincipalName,UserAgent,AuthenticationDetails,NetworkLocationDetails
2026-05-15T15:47:21Z,73bdd6b0-6d9b-4497-ad72-0ff3ba2deea2,naomi.rivera@northstar.example,Naomi Rivera,192.0.2.45,Northstar Claims Portal,Microsoft Graph,Browser,success,"{""errorCode"": 50074, ""failureReason"": ""Strong authentication is required."", ""additionalDetails"": ""MFA required""}","{""deviceId"": ""573061ac-5c40-47ca-8933-befe84e4330d"", ""displayName"": ""LT-RIVER-7742"", ""operatingSystem"": ""Android 15"", ""browser"": ""Mobile Safari 18.5""}","{""city"": ""Columbus"", ""state"": ""IL"", ""countryOrRegion"": ""US""}",singleFactorAuthentication,e4dcd234-573d-4974-8d9d-13bac63640bc,cad5292f-668a-4770-b02d-cf684012497e,Northstar Research Group,primary refresh token,false,6852e257-d9cd-4e17-a3fa-c3f86765edf0,13723eed-f8cb-4f26-b158-ea41cb38f72a,Northstar Claims Portal,AzureAuth/1.0 broker,"[{""authenticationMethod"": ""FIDO2 security key"", ""succeeded"": false, ""authenticationStepDateTime"": ""2026-05-15T15:47:21Z""}]","[{""networkType"": ""trustedNamedLocation"", ""networkNames"": [""HQ-VPN""]}]"
2026-05-15T15:47:58Z,4b6a22e6-9b44-4e76-93c6-7c2a0315ef1f,eliot.park@field.example.net,Eliot Park,192.168.66.37,Northstar Claims Portal,SharePoint Online,Mobile Apps and Desktop clients,success,"{""errorCode"": 0, ""failureReason"": ""None"", ""additionalDetails"": ""MFA completed""}","{""deviceId"": ""a09a4572-f435-4625-9fa5-3b6b696fd330"", ""displayName"": ""VDI-CALL-0902"", ""operatingSystem"": ""Windows 11"", ""browser"": ""Chrome 126.0.0.0""}","{""city"": ""Phoenix"", ""state"": ""IN"", ""countryOrRegion"": ""US""}",multiFactorAuthentication,61d4ab33-2451-40e2-9d38-b82bd1ceb042,c4844211-a1db-4fad-9855-82cc838246c7,Northstar Research Group,primary refresh token,true,108e14c9-b194-4daa-99fd-db17e988446b,18ed86e9-905a-4eef-93b8-c80a02b1ee32,GitHub Enterprise,Outlook-iOS/4.2405.0,"[{""authenticationMethod"": ""Microsoft Authenticator notification"", ""succeeded"": true, ""authenticationStepDateTime"": ""2026-05-15T15:47:58Z""}]","[{""networkType"": ""trustedNamedLocation"", ""networkNames"": [""Vendor-SASE""]}]"
2026-05-15T15:48:35Z,057d1371-4685-47a8-ab7f-3e91a6b89b63,marco.silva@keystone.example.org,Marco Silva,172.22.9.48,GitHub Enterprise SSO,Azure Resource Manager,Mobile Apps and Desktop clients,failure,"{""errorCode"": 0, ""failureReason"": ""None"", ""additionalDetails"": ""MFA completed""}","{""deviceId"": ""c118780f-faa8-491f-8e3d-f5be135c5667"", ""displayName"": ""SRV-ASTER-01"", ""operatingSystem"": ""macOS 15.4"", ""browser"": ""Mobile Safari 18.5""}","{""city"": ""Phoenix"", ""state"": ""AZ"", ""countryOrRegion"": ""US""}",multiFactorAuthentication,031badbc-2fea-4c2a-aad6-a05dff0b250e,c47525f5-6cfb-40da-bcdb-ac57097bafb3,Northstar Research Group,primary refresh token,true,926dd685-a235-406e-ade2-2c57f8d92371,e51f906d-e7da-4b5e-97ab-694a85889679,Microsoft Office,Outlook-iOS/4.2405.0,"[{""authenticationMethod"": ""FIDO2 security key"", ""succeeded"": true, ""authenticationStepDateTime"": ""2026-05-15T15:48:35Z""}]","[{""networkType"": ""trustedNamedLocation"", ""networkNames"": [""Vendor-SASE""]}]"
2026-05-15T15:49:12Z,ebf3b40f-7cad-4981-b364-4f971a8b12b1,rhea.maddox@northstar.example,Rhea Maddox,192.168.66.27,Azure Portal,Northstar Claims API,Exchange ActiveSync,failure,"{""errorCode"": 0, ""failureReason"": ""None"", ""additionalDetails"": ""MFA required""}","{""deviceId"": ""9e76bae9-84e5-4627-8fd2-fe1aefe4c14b"", ""displayName"": ""gw-cobalt-02"", ""operatingSystem"": ""Android 15"", ""browser"": ""Chrome 126.0.0.0""}","{""city"": ""Phoenix"", ""state"": ""IN"", ""countryOrRegion"": ""US""}",singleFactorAuthentication,3613dded-9bd3-46da-9025-3d2cb35e3fb0,adfec794-7b91-4727-8ef5-2ee069ea95da,Northstar Research Group,saml assertion,true,ae22d53e-40a6-436c-b514-59835abdcfa5,b63a0281-767a-4fe6-bbfc-154f9fa32f23,GitHub Enterprise,Outlook-iOS/4.2405.0,"[{""authenticationMethod"": ""Password"", ""succeeded"": true, ""authenticationStepDateTime"": ""2026-05-15T15:49:12Z""}]","[{""networkType"": ""trustedNamedLocation"", ""networkNames"": [""Vendor-SASE""]}]"
2026-05-15T15:49:49Z,edb71e23-797b-4dd2-8704-0a5746470a5b,cal.derosa@field.example.net,Cal DeRosa,172.22.9.12,Microsoft Teams,SharePoint Online,Browser,success,"{""errorCode"": 0, ""failureReason"": ""None"", ""additionalDetails"": ""MFA completed""}","{""deviceId"": ""c9b7f206-18a3-46a0-85f8-4b326ef2df91"", ""displayName"": ""api-ember-09"", ""operatingSystem"": ""iOS 18.5"", ""browser"": ""Mobile Safari 18.5""}","{""city"": ""Columbus"", ""state"": ""IL"", ""countryOrRegion"": ""US""}",multiFactorAuthentication,4e4c13ed-68d4-4bd7-a70b-d9f067402bba,1fbc7c16-de1a-4e3e-a5d8-229427f50eba,Northstar Research Group,none,false,ccb6204e-7f4d-4d4f-b281-55727f140906,33ad81a3-5d58-424f-bab6-0513ec559e1d,GitHub Enterprise,Mozilla/5.0 (Windows NT 10.0; Win64; x64) AppleWebKit/537.36,"[{""authenticationMethod"": ""Password"", ""succeeded"": true, ""authenticationStepDateTime"": ""2026-05-15T15:49:49Z""}]","[{""networkType"": ""trustedNamedLocation"", ""networkNames"": [""Vendor-SASE""]}]"
2026-05-15T15:50:26Z,bec9ed02-125f-4609-a8c2-59a7ea5e6afb,quinn.rosales@keystone.example.org,Quinn Rosales,198.51.100.59,Microsoft Intune Enrollment,Northstar Claims API,Mobile Apps and Desktop clients,failure,"{""errorCode"": 0, ""failureReason"": ""None"", ""additionalDetails"": ""MFA completed""}","{""deviceId"": ""2de31616-4b49-4fa3-92b7-5b154902742e"", ""displayName"": ""worker-orchid-03"", ""operatingSystem"": ""Windows 11"", ""browser"": ""Mobile Safari 18.5""}","{""city"": ""Phoenix"", ""state"": ""IN"", ""countryOrRegion"": ""US""}",singleFactorAuthentication,fecf27fd-fee1-4591-883a-00cb19a9a109,97d0b45e-384d-4259-82db-6209ba97f96f,Northstar Research Group,none,true,01e12450-cdf9-4456-831a-82c4c4a1d331,1cb527db-e0e0-4c26-9093-ad88c9bf23e1,Microsoft Office,Outlook-iOS/4.2405.0,"[{""authenticationMethod"": ""Microsoft Authenticator notification"", ""succeeded"": true, ""authenticationStepDateTime"": ""2026-05-15T15:50:26Z""}]","[{""networkType"": ""trustedNamedLocation"", ""networkNames"": [""HQ-VPN""]}]"
2026-05-15T15:51:03Z,2f44d50c-e4d8-4e86-8f11-c5291c47eb4c,veda.morris@northstar.example,Veda Morris,172.22.9.20,Northstar Claims Portal,Northstar Claims API,Browser,failure,"{""errorCode"": 50074, ""failureReason"": ""Strong authentication is required."", ""additionalDetails"": ""MFA required""}","{""deviceId"": ""f75a6e55-da72-4d02-b07b-70a5378016e7"", ""displayName"": ""db-onyx-03"", ""operatingSystem"": ""iOS 18.5"", ""browser"": ""Mobile Safari 18.5""}","{""city"": ""Indianapolis"", ""state"": ""IL"", ""countryOrRegion"": ""US""}",singleFactorAuthentication,db8efb12-8453-416b-a00d-65a5f42df99b,d3c28aee-4ad7-4df2-902f-a3415d3a60a1,Northstar Research Group,none,true,8f4e068c-6f15-4853-924c-162e8d4bdaed,e6639ed3-abab-4b8d-8d77-9dd938f1421a,Microsoft Office,Outlook-iOS/4.2405.0,"[{""authenticationMethod"": ""Password"", ""succeeded"": false, ""authenticationStepDateTime"": ""2026-05-15T15:51:03Z""}]","[{""networkType"": ""trustedNamedLocation"", ""networkNames"": [""Vendor-SASE""]}]"
2026-05-15T15:51:40Z,f28554ac-7410-4d4c-8254-edc3bbe662f4,tomas.aker@field.example.net,Tomas Aker,10.44.18.41,Northstar Claims Portal,Northstar Claims API,Exchange ActiveSync,success,"{""errorCode"": 0, ""failureReason"": ""None"", ""additionalDetails"": ""MFA completed""}","{""deviceId"": ""e3cd4bb7-1c03-4dc1-bdb5-8564376be52d"", ""displayName"": ""DESKTOP-LAB-4421"", ""operatingSystem"": ""Android 15"", ""browser"": ""Chrome 126.0.0.0""}","{""city"": ""Columbus"", ""state"": ""IL"", ""countryOrRegion"": ""US""}",multiFactorAuthentication,02ff7b8b-d236-4586-b1fb-f013619ceedc,e4887c9a-c583-48e3-851e-ad6b09b7a4ca,Northstar Research Group,none,true,ddf18b5b-3c25-48de-bd31-e33a07315997,ed1c8473-a0f5-4e4f-9d3c-ece5d9d462d1,Northstar Claims Portal,AzureAuth/1.0 broker,"[{""authenticationMethod"": ""Microsoft Authenticator notification"", ""succeeded"": true, ""authenticationStepDateTime"": ""2026-05-15T15:51:40Z""}]","[{""networkType"": ""trustedNamedLocation"", ""networkNames"": [""HQ-VPN""]}]"
2026-05-15T15:52:17Z,3ea1a20d-2876-473b-a1a0-c77333456731,iris.monte@keystone.example.org,Iris Monte,192.168.66.35,Office 365 Exchange Online,Northstar Claims API,Mobile Apps and Desktop clients,failure,"{""errorCode"": 0, ""failureReason"": ""None"", ""additionalDetails"": ""MFA completed""}","{""deviceId"": ""dfe1a743-69d1-4807-ae5a-f955814f453b"", ""displayName"": ""LAPTOP-FIELD-1188"", ""operatingSystem"": ""Windows 11"", ""browser"": ""Chrome 126.0.0.0""}","{""city"": ""Chicago"", ""state"": ""AZ"", ""countryOrRegion"": ""US""}",singleFactorAuthentication,b842ac30-0240-409b-bd6a-774d636e005e,dcd1421c-4410-44fe-8deb-1cb9dfb0ee1f,Northstar Research Group,saml assertion,false,0d910005-5b18-4c86-84f4-9d0390a27704,70467ff6-1e36-4630-a1cd-c932a85dd3c0,GitHub Enterprise,AzureAuth/1.0 broker,"[{""authenticationMethod"": ""FIDO2 security key"", ""succeeded"": true, ""authenticationStepDateTime"": ""2026-05-15T15:52:17Z""}]","[{""networkType"": ""trustedNamedLocation"", ""networkNames"": [""Vendor-SASE""]}]"
2026-05-15T15:52:54Z,89d3cbf5-a931-43d5-9492-f9cbe8f64055,mira.vale@northstar.example,Mira Vale,192.168.66.38,Microsoft Teams,Microsoft Graph,Exchange ActiveSync,success,"{""errorCode"": 0, ""failureReason"": ""None"", ""additionalDetails"": ""MFA required""}","{""deviceId"": ""357b3b1c-8112-4fff-a1a4-b7f026e9bd12"", ""displayName"": ""LT-RIVER-7742"", ""operatingSystem"": ""iOS 18.5"", ""browser"": ""Mobile Safari 18.5""}","{""city"": ""Chicago"", ""state"": ""IN"", ""countryOrRegion"": ""US""}",singleFactorAuthentication,e007e481-5f58-4bc4-a470-93703e7598fb,a1643b36-20ee-45c8-9b6a-51396c95f66d,Northstar Research Group,primary refresh token,true,d27bc627-67e6-40c8-a885-e9286e409d49,40d4f795-7ece-4415-b6c2-0bab84ace437,Microsoft Office,Outlook-iOS/4.2405.0,"[{""authenticationMethod"": ""Microsoft Authenticator notification"", ""succeeded"": true, ""authenticationStepDateTime"": ""2026-05-15T15:52:54Z""}]","[{""networkType"": ""trustedNamedLocation"", ""networkNames"": [""Vendor-SASE""]}]"
2026-05-15T15:53:31Z,b8ee8f21-f71f-4369-a19e-527fdf64e95b,selah.ng@field.example.net,Selah Ng,198.51.100.46,GitHub Enterprise SSO,Azure Resource Manager,Mobile Apps and Desktop clients,failure,"{""errorCode"": 0, ""failureReason"": ""None"", ""additionalDetails"": ""MFA completed""}","{""deviceId"": ""f2175beb-381b-4d1f-9b63-ec1a7fe86268"", ""displayName"": ""VDI-CALL-0902"", ""operatingSystem"": ""Android 15"", ""browser"": ""Edge 125.0.2535.67""}","{""city"": ""Phoenix"", ""state"": ""AZ"", ""countryOrRegion"": ""US""}",multiFactorAuthentication,e88cc0f1-55b4-4690-af7c-be505fef4e0e,d2f97b58-d925-4a3a-afae-6b7af3515150,Northstar Research Group,none,true,3b36c2e4-27c8-46c0-a0fc-ab1f62545794,94e86699-1694-4911-a73d-43c211a3ccee,Northstar Claims Portal,AzureAuth/1.0 broker,"[{""authenticationMethod"": ""FIDO2 security key"", ""succeeded"": true, ""authenticationStepDateTime"": ""2026-05-15T15:53:31Z""}]","[{""networkType"": ""trustedNamedLocation"", ""networkNames"": [""Vendor-SASE""]}]"
2026-05-15T15:54:08Z,243399a3-3856-4f22-9528-7697f9600f58,seren.cho@keystone.example.org,Seren Cho,10.44.18.38,Microsoft Teams,Azure Resource Manager,Browser,notApplied,"{""errorCode"": 0, ""failureReason"": ""None"", ""additionalDetails"": ""MFA completed""}","{""deviceId"": ""166a8891-19ed-47c8-a2ac-9bb93369acf0"", ""displayName"": ""SRV-ASTER-01"", ""operatingSystem"": ""Android 15"", ""browser"": ""Edge 125.0.2535.67""}","{""city"": ""Phoenix"", ""state"": ""IL"", ""countryOrRegion"": ""US""}",multiFactorAuthentication,c362c2e8-09fe-4396-92c0-7531ef1d10e9,5e5db223-b449-48b8-a143-6d19c3069e41,Northstar Research Group,primary refresh token,true,a841c937-4659-4731-9380-02015a0d7888,f3f739a7-5840-476a-bd49-bc8d4c2c5f2e,Northstar Claims Portal,AzureAuth/1.0 broker,"[{""authenticationMethod"": ""Password"", ""succeeded"": true, ""authenticationStepDateTime"": ""2026-05-15T15:54:08Z""}]","[{""networkType"": ""trustedNamedLocation"", ""networkNames"": [""HQ-VPN""]}]"
2026-05-15T15:54:45Z,e6d49a03-ca3c-4198-8643-c6697803e025,naomi.rivera@northstar.example,Naomi Rivera,172.22.9.45,Microsoft Intune Enrollment,Azure Resource Manager,Exchange ActiveSync,notApplied,"{""errorCode"": 50074, ""failureReason"": ""Strong authentication is required."", ""additionalDetails"": ""MFA required""}","{""deviceId"": ""bb1a613a-4d70-4ada-bcbf-b92318aaf4a9"", ""displayName"": ""gw-cobalt-02"", ""operatingSystem"": ""Windows 11"", ""browser"": ""Chrome 126.0.0.0""}","{""city"": ""Indianapolis"", ""state"": ""OH"", ""countryOrRegion"": ""US""}",singleFactorAuthentication,2af65f0c-103b-42c8-baec-daaa59a59d59,2dd8c720-4af2-4adb-ae0c-880000e377bb,Northstar Research Group,none,false,2c6b2943-2988-4c18-bfc1-25858ca983ec,738403e4-9adc-48c5-b97b-3fff867b5cf0,Microsoft Office,Outlook-iOS/4.2405.0,"[{""authenticationMethod"": ""Password"", ""succeeded"": false, ""authenticationStepDateTime"": ""2026-05-15T15:54:45Z""}]","[{""networkType"": ""trustedNamedLocation"", ""networkNames"": [""HQ-VPN""]}]"
2026-05-15T15:55:22Z,1b8c1cf0-98a9-4a34-9bd0-fb6b0ab16d1c,eliot.park@field.example.net,Eliot Park,192.168.66.28,Azure Portal,SharePoint Online,Mobile Apps and Desktop clients,failure,"{""errorCode"": 0, ""failureReason"": ""None"", ""additionalDetails"": ""MFA completed""}","{""deviceId"": ""f2638cc3-e0ea-4dde-b4a2-259c51addd58"", ""displayName"": ""api-ember-09"", ""operatingSystem"": ""macOS 15.4"", ""browser"": ""Chrome 126.0.0.0""}","{""city"": ""Columbus"", ""state"": ""AZ"", ""countryOrRegion"": ""US""}",singleFactorAuthentication,6ace941b-f747-494d-96f3-86d967ff3da3,ee87922b-ee13-4b4d-b9e7-6a1809f52783,Northstar Research Group,none,true,d9d6127f-48c3-479b-ab9c-126d315cfc81,94fff423-0811-455d-b1a3-a08603ab8b27,Microsoft Office,Mozilla/5.0 (Windows NT 10.0; Win64; x64) AppleWebKit/537.36,"[{""authenticationMethod"": ""FIDO2 security key"", ""succeeded"": true, ""authenticationStepDateTime"": ""2026-05-15T15:55:22Z""}]","[{""networkType"": ""trustedNamedLocation"", ""networkNames"": [""Vendor-SASE""]}]"
2026-05-15T15:55:59Z,57701e02-2006-4d45-9ee6-32bb5ece7296,marco.silva@keystone.example.org,Marco Silva,172.22.9.26,Microsoft Teams,Northstar Claims API,Browser,success,"{""errorCode"": 0, ""failureReason"": ""None"", ""additionalDetails"": ""MFA completed""}","{""deviceId"": ""481feabf-5696-4520-96e7-275c8b6883a6"", ""displayName"": ""worker-orchid-03"", ""operatingSystem"": ""macOS 15.4"", ""browser"": ""Mobile Safari 18.5""}","{""city"": ""Chicago"", ""state"": ""OH"", ""countryOrRegion"": ""US""}",singleFactorAuthentication,aef5dbdd-414f-407a-a7c7-245a12cc4877,ca55eacd-53b9-4859-8789-15c1035c46bc,Northstar Research Group,primary refresh token,true,6dde2a19-d2fb-4650-826c-bb74738eb725,abbb8c8b-affc-45ed-8345-5f5047a14e9d,GitHub Enterprise,Mozilla/5.0 (Windows NT 10.0; Win64; x64) AppleWebKit/537.36,"[{""authenticationMethod"": ""Password"", ""succeeded"": true, ""authenticationStepDateTime"": ""2026-05-15T15:55:59Z""}]","[{""networkType"": ""trustedNamedLocation"", ""networkNames"": [""HQ-VPN""]}]"
2026-05-15T15:56:36Z,c9890b2a-16b6-4494-8d8f-1fcf2aef4b5d,rhea.maddox@northstar.example,Rhea Maddox,198.51.100.36,Office 365 Exchange Online,Microsoft Graph,Other clients,success,"{""errorCode"": 0, ""failureReason"": ""None"", ""additionalDetails"": ""MFA required""}","{""deviceId"": ""4d156190-fd45-4896-b5f1-690ccecff19b"", ""displayName"": ""db-onyx-03"", ""operatingSystem"": ""iOS 18.5"", ""browser"": ""Edge 125.0.2535.67""}","{""city"": ""Indianapolis"", ""state"": ""IL"", ""countryOrRegion"": ""US""}",singleFactorAuthentication,66ad2487-0681-4041-88c4-8f427c899002,2aa23eab-a4b9-42b1-bb25-041c69795761,Northstar Research Group,saml assertion,true,e8758749-4cde-4131-9ff5-d36ca2a77329,51224c4f-e4c2-49ef-9723-8bb91f62449c,Northstar Claims Portal,Outlook-iOS/4.2405.0,"[{""authenticationMethod"": ""Microsoft Authenticator notification"", ""succeeded"": true, ""authenticationStepDateTime"": ""2026-05-15T15:56:36Z""}]","[{""networkType"": ""trustedNamedLocation"", ""networkNames"": [""HQ-VPN""]}]"
2026-05-15T15:57:13Z,4a3834bd-01d4-410b-8b8f-d6ea6c48a13b,cal.derosa@field.example.net,Cal DeRosa,10.44.18.58,Northstar Claims Portal,SharePoint Online,Other clients,notApplied,"{""errorCode"": 0, ""failureReason"": ""None"", ""additionalDetails"": ""MFA completed""}","{""deviceId"": ""a8253032-b4f4-4155-b9b1-9a6b7f850423"", ""displayName"": ""DESKTOP-LAB-4421"", ""operatingSystem"": ""Windows 11"", ""browser"": ""Mobile Safari 18.5""}","{""city"": ""Phoenix"", ""state"": ""IN"", ""countryOrRegion"": ""US""}",multiFactorAuthentication,a7ebb1ec-d763-4fb4-8307-a2f369646a42,8f16f1c5-9ad9-42dc-931a-78a4623e2b8d,Northstar Research Group,saml assertion,false,4797002c-41d8-4558-ad16-4d0cba4d4e4a,ca68bf64-0010-445e-9db6-f99433daec5f,Northstar Claims Portal,Mozilla/5.0 (Windows NT 10.0; Win64; x64) AppleWebKit/537.36,"[{""authenticationMethod"": ""FIDO2 security key"", ""succeeded"": true, ""authenticationStepDateTime"": ""2026-05-15T15:57:13Z""}]","[{""networkType"": ""trustedNamedLocation"", ""networkNames"": [""Vendor-SASE""]}]"
2026-05-15T15:57:50Z,9f6d400e-07d3-4350-8a32-e0a9b0ec0655,quinn.rosales@keystone.example.org,Quinn Rosales,172.22.9.33,Office 365 Exchange Online,Microsoft Graph,Exchange ActiveSync,failure,"{""errorCode"": 0, ""failureReason"": ""None"", ""additionalDetails"": ""MFA completed""}","{""deviceId"": ""6feeb8d6-f24d-445d-b20c-59c12f468f8c"", ""displayName"": ""LAPTOP-FIELD-1188"", ""operatingSystem"": ""macOS 15.4"", ""browser"": ""Chrome 126.0.0.0""}","{""city"": ""Indianapolis"", ""state"": ""OH"", ""countryOrRegion"": ""US""}",singleFactorAuthentication,d5d0d594-0917-43ff-ae37-cebddcd48adc,03f4969e-3142-4ea9-9786-097d72e4e350,Northstar Research Group,none,true,9629fbfa-36b7-4c25-8ced-feecebc0f659,816d0a1d-258c-4128-bcf3-112ac7d638e6,Northstar Claims Portal,Mozilla/5.0 (Windows NT 10.0; Win64; x64) AppleWebKit/537.36,"[{""authenticationMethod"": ""Password"", ""succeeded"": true, ""authenticationStepDateTime"": ""2026-05-15T15:57:50Z""}]","[{""networkType"": ""trustedNamedLocation"", ""networkNames"": [""HQ-VPN""]}]"
2026-05-15T15:58:27Z,6ebaf1e4-f12f-4d44-bb64-32ff9f1b0138,veda.morris@northstar.example,Veda Morris,192.168.66.24,Office 365 Exchange Online,Azure Resource Manager,Mobile Apps and Desktop clients,notApplied,"{""errorCode"": 50074, ""failureReason"": ""Strong authentication is required."", ""additionalDetails"": ""MFA required""}","{""deviceId"": ""9cbc4d5f-c3be-465d-ad2a-630766b1b562"", ""displayName"": ""LT-RIVER-7742"", ""operatingSystem"": ""Windows 11"", ""browser"": ""Mobile Safari 18.5""}","{""city"": ""Phoenix"", ""state"": ""OH"", ""countryOrRegion"": ""US""}",singleFactorAuthentication,d3f59086-30fb-4ce8-9380-683b037e5052,a9d15836-512c-4619-8b6e-17bb8bb9b084,Northstar Research Group,saml assertion,true,42e69636-d44a-4af6-8666-f595089ab549,6e19fe8d-7c10-407b-8718-b20c6cf060b7,GitHub Enterprise,AzureAuth/1.0 broker,"[{""authenticationMethod"": ""FIDO2 security key"", ""succeeded"": false, ""authenticationStepDateTime"": ""2026-05-15T15:58:27Z""}]","[{""networkType"": ""trustedNamedLocation"", ""networkNames"": [""HQ-VPN""]}]"
2026-05-15T15:59:04Z,010d4bbd-2d9f-41ae-8c6c-be713de65d1c,tomas.aker@field.example.net,Tomas Aker,192.168.66.26,Microsoft Intune Enrollment,Microsoft Graph,Browser,failure,"{""errorCode"": 0, ""failureReason"": ""None"", ""additionalDetails"": ""MFA completed""}","{""deviceId"": ""119f9680-b163-4751-aeef-7e4ddc5d44a6"", ""displayName"": ""VDI-CALL-0902"", ""operatingSystem"": ""macOS 15.4"", ""browser"": ""Edge 125.0.2535.67""}","{""city"": ""Phoenix"", ""state"": ""OH"", ""countryOrRegion"": ""US""}",multiFactorAuthentication,0156a9f1-0c05-43f3-90e2-deb2fa8b9a32,aef2c055-7c9c-48eb-a56a-508f1d6a5073,Northstar Research Group,saml assertion,true,368e91af-51f6-4916-a8ed-0339563215f9,bdc6acee-5a27-46cf-84a2-aeb52a456e6e,Microsoft Office,AzureAuth/1.0 broker,"[{""authenticationMethod"": ""FIDO2 security key"", ""succeeded"": true, ""authenticationStepDateTime"": ""2026-05-15T15:59:04Z""}]","[{""networkType"": ""trustedNamedLocation"", ""networkNames"": [""HQ-VPN""]}]"
2026-05-15T15:59:41Z,4e346736-c936-43bf-b576-6f7001c1c9be,iris.monte@keystone.example.org,Iris Monte,203.0.113.69,Microsoft Intune Enrollment,SharePoint Online,Browser,notApplied,"{""errorCode"": 0, ""failureReason"": ""None"", ""additionalDetails"": ""MFA completed""}","{""deviceId"": ""82926945-a606-435c-8e37-6e08930a6d49"", ""displayName"": ""SRV-ASTER-01"", ""operatingSystem"": ""Windows 11"", ""browser"": ""Mobile Safari 18.5""}","{""city"": ""Chicago"", ""state"": ""OH"", ""countryOrRegion"": ""US""}",multiFactorAuthentication,f26aee7a-00cd-4e8c-ac99-8aafe619615d,c56644aa-a303-48c1-b91c-94bd9e36421e,Northstar Research Group,primary refresh token,false,4a2369d4-2df1-4ebe-9c27-01fcb269d649,c09a69d8-d068-42ec-9652-d33fbca9be26,GitHub Enterprise,AzureAuth/1.0 broker,"[{""authenticationMethod"": ""FIDO2 security key"", ""succeeded"": true, ""authenticationStepDateTime"": ""2026-05-15T15:59:41Z""}]","[{""networkType"": ""trustedNamedLocation"", ""networkNames"": [""Vendor-SASE""]}]"
2026-05-15T16:00:18Z,8237701e-ade9-4c50-8c92-a84fe137cd30,mira.vale@northstar.example,Mira Vale,192.168.66.33,Northstar Claims Portal,SharePoint Online,Browser,success,"{""errorCode"": 0, ""failureReason"": ""None"", ""additionalDetails"": ""MFA required""}","{""deviceId"": ""fbaabe57-fc97-4ff5-8f39-3c95914bbf17"", ""displayName"": ""gw-cobalt-02"", ""operatingSystem"": ""macOS 15.4"", ""browser"": ""Edge 125.0.2535.67""}","{""city"": ""Chicago"", ""state"": ""AZ"", ""countryOrRegion"": ""US""}",multiFactorAuthentication,10c8a2c2-dc68-44b0-a553-59e05cb3a93b,23f93258-8337-4858-8588-75b4d55a55d5,Northstar Research Group,primary refresh token,true,7b327fe0-30de-407c-91db-323216c5d8f1,69be84ff-67b7-4cd1-8ccb-043f45069bf6,Microsoft Office,Mozilla/5.0 (Windows NT 10.0; Win64; x64) AppleWebKit/537.36,"[{""authenticationMethod"": ""FIDO2 security key"", ""succeeded"": true, ""authenticationStepDateTime"": ""2026-05-15T16:00:18Z""}]","[{""networkType"": ""trustedNamedLocation"", ""networkNames"": [""HQ-VPN""]}]"
2026-05-15T16:00:55Z,15619191-2ec8-410e-aa5c-22ed7ba66a6d,selah.ng@field.example.net,Selah Ng,192.168.66.21,Microsoft Teams,Microsoft Graph,Other clients,failure,"{""errorCode"": 0, ""failureReason"": ""None"", ""additionalDetails"": ""MFA completed""}","{""deviceId"": ""ba3181be-bd76-4e47-9991-953094d34e92"", ""displayName"": ""api-ember-09"", ""operatingSystem"": ""Android 15"", ""browser"": ""Mobile Safari 18.5""}","{""city"": ""Columbus"", ""state"": ""AZ"", ""countryOrRegion"": ""US""}",singleFactorAuthentication,4477ca32-bed4-4c1b-b089-5e68a55cb7e3,995630fe-0d0d-4772-9250-fecc5ea367a0,Northstar Research Group,primary refresh token,true,0e8daf6d-25bb-45f8-86a8-1fb5c1125aa0,1299c4da-c207-4dee-997e-56f34b41491d,Northstar Claims Portal,Mozilla/5.0 (Windows NT 10.0; Win64; x64) AppleWebKit/537.36,"[{""authenticationMethod"": ""FIDO2 security key"", ""succeeded"": true, ""authenticationStepDateTime"": ""2026-05-15T16:00:55Z""}]","[{""networkType"": ""trustedNamedLocation"", ""networkNames"": [""HQ-VPN""]}]"
2026-05-15T16:01:32Z,ebb43f0c-1989-4110-94ca-ec4f94a1cd18,seren.cho@keystone.example.org,Seren Cho,10.44.18.41,Office 365 Exchange Online,Azure Resource Manager,Browser,failure,"{""errorCode"": 0, ""failureReason"": ""None"", ""additionalDetails"": ""MFA completed""}","{""deviceId"": ""014fe0ae-bab7-48e0-b84a-2d1d22b3ed37"", ""displayName"": ""worker-orchid-03"", ""operatingSystem"": ""Windows 11"", ""browser"": ""Edge 125.0.2535.67""}","{""city"": ""Chicago"", ""state"": ""OH"", ""countryOrRegion"": ""US""}",singleFactorAuthentication,0baf2595-164a-409d-8695-e16e329b7f6a,14fc2302-10b0-4c9e-bdd6-c488390c81d2,Northstar Research Group,none,true,03504859-8004-42ac-a1cd-1fe0216cf00c,d95e6a15-b706-4192-bf9f-ecf4f919def9,Microsoft Office,Mozilla/5.0 (Windows NT 10.0; Win64; x64) AppleWebKit/537.36,"[{""authenticationMethod"": ""FIDO2 security key"", ""succeeded"": true, ""authenticationStepDateTime"": ""2026-05-15T16:01:32Z""}]","[{""networkType"": ""trustedNamedLocation"", ""networkNames"": [""HQ-VPN""]}]"
2026-05-15T16:02:09Z,6ba80ae4-636f-4545-a74e-aa3d891eff90,naomi.rivera@northstar.example,Naomi Rivera,172.22.9.34,Northstar Claims Portal,Northstar Claims API,Exchange ActiveSync,notApplied,"{""errorCode"": 50074, ""failureReason"": ""Strong authentication is required."", ""additionalDetails"": ""MFA required""}","{""deviceId"": ""fa77ff30-6c54-4544-bf12-913dc3651dcc"", ""displayName"": ""db-onyx-03"", ""operatingSystem"": ""Android 15"", ""browser"": ""Edge 125.0.2535.67""}","{""city"": ""Columbus"", ""state"": ""OH"", ""countryOrRegion"": ""US""}",singleFactorAuthentication,0d5be831-61fb-4ead-aabc-e7dfe580f824,2f8ef672-d4db-406e-ba2e-870ba64acc91,Northstar Research Group,saml assertion,false,7a553468-1298-4547-80ba-c4b3976bbc2d,2eea9910-ff45-4ba0-9153-930aebb7a3ed,GitHub Enterprise,Mozilla/5.0 (Windows NT 10.0; Win64; x64) AppleWebKit/537.36,"[{""authenticationMethod"": ""Microsoft Authenticator notification"", ""succeeded"": false, ""authenticationStepDateTime"": ""2026-05-15T16:02:09Z""}]","[{""networkType"": ""trustedNamedLocation"", ""networkNames"": [""HQ-VPN""]}]"
2026-05-15T16:02:46Z,bc9ea23d-66bb-466c-b55a-20af93e8a2c3,eliot.park@field.example.net,Eliot Park,192.0.2.20,Northstar Claims Portal,Microsoft Graph,Mobile Apps and Desktop clients,failure,"{""errorCode"": 0, ""failureReason"": ""None"", ""additionalDetails"": ""MFA completed""}","{""deviceId"": ""fad9dfb7-9abd-451b-bd68-edbad8b51586"", ""displayName"": ""DESKTOP-LAB-4421"", ""operatingSystem"": ""iOS 18.5"", ""browser"": ""Mobile Safari 18.5""}","{""city"": ""Chicago"", ""state"": ""IN"", ""countryOrRegion"": ""US""}",multiFactorAuthentication,37f21a7e-2c7a-4b79-81b4-22bee1cec0c1,234c3706-0418-4d3d-8d07-92c4e89ddf3e,Northstar Research Group,primary refresh token,true,1bd59494-deb5-4db0-bbb3-ca47fc000c9b,8a7ddd86-85e4-4e1d-9db7-3e81029d2170,GitHub Enterprise,Mozilla/5.0 (Windows NT 10.0; Win64; x64) AppleWebKit/537.36,"[{""authenticationMethod"": ""Password"", ""succeeded"": true, ""authenticationStepDateTime"": ""2026-05-15T16:02:46Z""}]","[{""networkType"": ""trustedNamedLocation"", ""networkNames"": [""Vendor-SASE""]}]"
2026-05-15T16:03:23Z,d54af682-29fd-4cee-8630-e9bb1fd174b7,marco.silva@keystone.example.org,Marco Silva,10.44.18.59,Microsoft Intune Enrollment,Microsoft Graph,Exchange ActiveSync,notApplied,"{""errorCode"": 0, ""failureReason"": ""None"", ""additionalDetails"": ""MFA completed""}","{""deviceId"": ""36442f1e-6d37-42d5-a53a-413e25281a2f"", ""displayName"": ""LAPTOP-FIELD-1188"", ""operatingSystem"": ""Windows 11"", ""browser"": ""Chrome 126.0.0.0""}","{""city"": ""Phoenix"", ""state"": ""OH"", ""countryOrRegion"": ""US""}",multiFactorAuthentication,2c52e418-34dc-4b48-bc06-ba3146aeb47f,e8e7f1a9-37df-4e53-af94-80f0af85c393,Northstar Research Group,primary refresh token,true,27cda9d6-95e2-4588-b361-6eb63257d15e,298c7c63-45ba-4ccc-ad40-b48b43a3fb5e,GitHub Enterprise,Mozilla/5.0 (Windows NT 10.0; Win64; x64) AppleWebKit/537.36,"[{""authenticationMethod"": ""Microsoft Authenticator notification"", ""succeeded"": true, ""authenticationStepDateTime"": ""2026-05-15T16:03:23Z""}]","[{""networkType"": ""trustedNamedLocation"", ""networkNames"": [""HQ-VPN""]}]"
2026-05-15T16:04:00Z,c9c7fedd-eebe-4ece-afd5-55f930d18d3a,rhea.maddox@northstar.example,Rhea Maddox,192.168.66.44,Northstar Claims Portal,Microsoft Graph,Browser,notApplied,"{""errorCode"": 0, ""failureReason"": ""None"", ""additionalDetails"": ""MFA required""}","{""deviceId"": ""af7857bc-62bf-47b6-9859-27e67d7b7e36"", ""displayName"": ""LT-RIVER-7742"", ""operatingSystem"": ""Android 15"", ""browser"": ""Chrome 126.0.0.0""}","{""city"": ""Indianapolis"", ""state"": ""IN"", ""countryOrRegion"": ""US""}",singleFactorAuthentication,1dc64e76-2ff8-4dbd-b7f2-9ec0142f3d71,3c5fa381-cb33-4c4f-8a3a-f1ef44f53fc3,Northstar Research Group,saml assertion,true,546d63b2-b154-4f02-af91-e9cae25607a5,dc4a587f-3b24-4f96-81cc-6abe732ea08b,GitHub Enterprise,AzureAuth/1.0 broker,"[{""authenticationMethod"": ""Microsoft Authenticator notification"", ""succeeded"": true, ""authenticationStepDateTime"": ""2026-05-15T16:04:00Z""}]","[{""networkType"": ""trustedNamedLocation"", ""networkNames"": [""Vendor-SASE""]}]"
2026-05-15T16:04:37Z,53e28947-fe51-488b-97a0-747fe4519feb,cal.derosa@field.example.net,Cal DeRosa,10.44.18.32,GitHub Enterprise SSO,SharePoint Online,Browser,notApplied,"{""errorCode"": 0, ""failureReason"": ""None"", ""additionalDetails"": ""MFA completed""}","{""deviceId"": ""af51c5ac-d3af-4f88-bd73-6c3c93aef38d"", ""displayName"": ""VDI-CALL-0902"", ""operatingSystem"": ""Android 15"", ""browser"": ""Edge 125.0.2535.67""}","{""city"": ""Indianapolis"", ""state"": ""AZ"", ""countryOrRegion"": ""US""}",multiFactorAuthentication,42f48ff9-391d-4790-8ef5-bda37f177fa3,6c093ebf-80b4-4982-8d51-21819b49276f,Northstar Research Group,primary refresh token,false,877a256a-2de1-4ae3-af7a-303fc3f4fd0f,55d63bfd-f1f6-4412-abd9-9ef3d74e801b,Northstar Claims Portal,Outlook-iOS/4.2405.0,"[{""authenticationMethod"": ""FIDO2 security key"", ""succeeded"": true, ""authenticationStepDateTime"": ""2026-05-15T16:04:37Z""}]","[{""networkType"": ""trustedNamedLocation"", ""networkNames"": [""Vendor-SASE""]}]"
2026-05-15T16:05:14Z,0f1e2741-f2cc-4698-a157-8866058d0330,quinn.rosales@keystone.example.org,Quinn Rosales,10.44.18.52,Office 365 Exchange Online,Northstar Claims API,Browser,notApplied,"{""errorCode"": 0, ""failureReason"": ""None"", ""additionalDetails"": ""MFA completed""}","{""deviceId"": ""162ef464-9240-4f08-aa91-6209a81f1f23"", ""displayName"": ""SRV-ASTER-01"", ""operatingSystem"": ""macOS 15.4"", ""browser"": ""Edge 125.0.2535.67""}","{""city"": ""Indianapolis"", ""state"": ""OH"", ""countryOrRegion"": ""US""}",singleFactorAuthentication,8cd1d0f6-2b49-43b9-9b12-ebcadd3a7e1c,cadba442-3c6a-4187-b383-8ee6a9e9f8f0,Northstar Research Group,primary refresh token,true,aa4791b9-e4c5-4c3b-a0c6-1660b48266fc,622b2bec-2adb-475a-85d0-d0b3387d80b6,GitHub Enterprise,AzureAuth/1.0 broker,"[{""authenticationMethod"": ""Password"", ""succeeded"": true, ""authenticationStepDateTime"": ""2026-05-15T16:05:14Z""}]","[{""networkType"": ""trustedNamedLocation"", ""networkNames"": [""Vendor-SASE""]}]"
2026-05-15T16:05:51Z,eea807bd-2d7d-483d-9784-10b2c3cedc0a,veda.morris@northstar.example,Veda Morris,203.0.113.55,Office 365 Exchange Online,SharePoint Online,Mobile Apps and Desktop clients,failure,"{""errorCode"": 50074, ""failureReason"": ""Strong authentication is required."", ""additionalDetails"": ""MFA required""}","{""deviceId"": ""84295a22-d896-4177-a42c-ed262cd16c58"", ""displayName"": ""gw-cobalt-02"", ""operatingSystem"": ""Windows 11"", ""browser"": ""Chrome 126.0.0.0""}","{""city"": ""Indianapolis"", ""state"": ""AZ"", ""countryOrRegion"": ""US""}",singleFactorAuthentication,810e4ed2-3a24-4d4a-9a4e-7f1fb28c0977,4a59309f-618c-4860-9e28-b5bc78b530ae,Northstar Research Group,primary refresh token,true,7b1d5be4-c7b0-4437-a5d9-68d26e11cca7,221bcb79-e998-415f-8bee-29d5e2d7b50c,Northstar Claims Portal,Outlook-iOS/4.2405.0,"[{""authenticationMethod"": ""Password"", ""succeeded"": false, ""authenticationStepDateTime"": ""2026-05-15T16:05:51Z""}]","[{""networkType"": ""trustedNamedLocation"", ""networkNames"": [""Vendor-SASE""]}]"
2026-05-15T16:06:28Z,e9d4a7d3-38a3-4a7d-99d7-afd05c613a5d,tomas.aker@field.example.net,Tomas Aker,10.44.18.60,GitHub Enterprise SSO,Northstar Claims API,Other clients,success,"{""errorCode"": 0, ""failureReason"": ""None"", ""additionalDetails"": ""MFA completed""}","{""deviceId"": ""b2a9f61b-ec03-43e7-9636-befb3d06f5a3"", ""displayName"": ""api-ember-09"", ""operatingSystem"": ""iOS 18.5"", ""browser"": ""Mobile Safari 18.5""}","{""city"": ""Chicago"", ""state"": ""OH"", ""countryOrRegion"": ""US""}",multiFactorAuthentication,7ac25a23-fb19-4301-a198-a3aad183bc26,cd1b8019-81b0-4c54-9880-fbd1f7e3dbd3,Northstar Research Group,saml assertion,true,8cc36604-7386-4537-abdb-79ad12b51096,7ee39d6a-78c9-4b78-8483-11c4ed13c056,Microsoft Office,Outlook-iOS/4.2405.0,"[{""authenticationMethod"": ""Password"", ""succeeded"": true, ""authenticationStepDateTime"": ""2026-05-15T16:06:28Z""}]","[{""networkType"": ""trustedNamedLocation"", ""networkNames"": [""Vendor-SASE""]}]"
2026-05-15T16:07:05Z,e7076df3-e540-4bba-a105-0656e67e35c1,iris.monte@keystone.example.org,Iris Monte,192.168.66.12,Azure Portal,Microsoft Graph,Mobile Apps and Desktop clients,notApplied,"{""errorCode"": 0, ""failureReason"": ""None"", ""additionalDetails"": ""MFA completed""}","{""deviceId"": ""5c2ac090-0bb4-4938-871a-755aba1d51f6"", ""displayName"": ""worker-orchid-03"", ""operatingSystem"": ""iOS 18.5"", ""browser"": ""Chrome 126.0.0.0""}","{""city"": ""Phoenix"", ""state"": ""IL"", ""countryOrRegion"": ""US""}",singleFactorAuthentication,3db583a5-09b5-4b33-aa0c-9899c12801df,b14d2bb4-ed38-4b07-ab4e-70ba8c3ad2f4,Northstar Research Group,none,false,15b6a283-9ed1-4c16-86a9-921939de1a61,59ef2206-c102-4b65-a90d-1ec1605bd306,Microsoft Office,Outlook-iOS/4.2405.0,"[{""authenticationMethod"": ""Microsoft Authenticator notification"", ""succeeded"": true, ""authenticationStepDateTime"": ""2026-05-15T16:07:05Z""}]","[{""networkType"": ""trustedNamedLocation"", ""networkNames"": [""HQ-VPN""]}]"
2026-05-15T16:07:42Z,8c9bf832-2431-4a6d-9d09-c201f48330d3,mira.vale@northstar.example,Mira Vale,172.22.9.38,GitHub Enterprise SSO,Microsoft Graph,Other clients,failure,"{""errorCode"": 0, ""failureReason"": ""None"", ""additionalDetails"": ""MFA required""}","{""deviceId"": ""e5e88f26-483e-4ee2-a7c6-2fad1ed25feb"", ""displayName"": ""db-onyx-03"", ""operatingSystem"": ""macOS 15.4"", ""browser"": ""Mobile Safari 18.5""}","{""city"": ""Phoenix"", ""state"": ""OH"", ""countryOrRegion"": ""US""}",multiFactorAuthentication,0d62a9e7-4692-448e-a55f-53a2105df944,b48b2694-341a-4fc4-bcab-18a4b31aba23,Northstar Research Group,none,true,2dcd9aba-bc41-48f0-b7c5-08685cd56b7f,c6ed9dca-32ee-447e-b7ee-88c5d0fa742f,Northstar Claims Portal,Mozilla/5.0 (Windows NT 10.0; Win64; x64) AppleWebKit/537.36,"[{""authenticationMethod"": ""Microsoft Authenticator notification"", ""succeeded"": true, ""authenticationStepDateTime"": ""2026-05-15T16:07:42Z""}]","[{""networkType"": ""trustedNamedLocation"", ""networkNames"": [""HQ-VPN""]}]"
2026-05-15T16:08:19Z,e548627e-6f51-4e07-9587-d7e91e6e7cd3,selah.ng@field.example.net,Selah Ng,10.44.18.55,Microsoft Intune Enrollment,Northstar Claims API,Other clients,success,"{""errorCode"": 0, ""failureReason"": ""None"", ""additionalDetails"": ""MFA completed""}","{""deviceId"": ""f0845a8a-d952-4825-b1ab-d74c10b90754"", ""displayName"": ""DESKTOP-LAB-4421"", ""operatingSystem"": ""macOS 15.4"", ""browser"": ""Chrome 126.0.0.0""}","{""city"": ""Phoenix"", ""state"": ""IL"", ""countryOrRegion"": ""US""}",multiFactorAuthentication,6fdc9bf4-3742-47d5-bb16-05cc3501220e,d1ff3cd1-83b4-4a9b-b13e-d39f4e46a503,Northstar Research Group,none,true,edfa4a31-617f-45fc-8091-c3993d5d636d,7d08af3c-4132-49a4-9e47-3b613cb18d07,GitHub Enterprise,Mozilla/5.0 (Windows NT 10.0; Win64; x64) AppleWebKit/537.36,"[{""authenticationMethod"": ""Password"", ""succeeded"": true, ""authenticationStepDateTime"": ""2026-05-15T16:08:19Z""}]","[{""networkType"": ""trustedNamedLocation"", ""networkNames"": [""HQ-VPN""]}]"
2026-05-15T16:08:56Z,d1607155-f629-48d9-b97a-127707c9920c,seren.cho@keystone.example.org,Seren Cho,192.0.2.32,Microsoft Intune Enrollment,Microsoft Graph,Other clients,success,"{""errorCode"": 0, ""failureReason"": ""None"", ""additionalDetails"": ""MFA completed""}","{""deviceId"": ""b293942e-dceb-4105-ad27-0906a0f72dd8"", ""displayName"": ""LAPTOP-FIELD-1188"", ""operatingSystem"": ""Windows 11"", ""browser"": ""Mobile Safari 18.5""}","{""city"": ""Columbus"", ""state"": ""AZ"", ""countryOrRegion"": ""US""}",singleFactorAuthentication,a066d4b8-65fc-4503-8ff4-4a94c66eabfb,36447e9a-7c39-4d5b-b980-b207817f7f39,Northstar Research Group,none,true,aaa7ea3c-6932-4b45-80c4-6215c5d10cff,2ff07275-a509-4548-a1a9-5c089efd277f,Microsoft Office,Mozilla/5.0 (Windows NT 10.0; Win64; x64) AppleWebKit/537.36,"[{""authenticationMethod"": ""Password"", ""succeeded"": true, ""authenticationStepDateTime"": ""2026-05-15T16:08:56Z""}]","[{""networkType"": ""trustedNamedLocation"", ""networkNames"": [""Vendor-SASE""]}]"
2026-05-15T16:09:33Z,c177d94d-482c-45b6-8c2d-2ffd7322ec72,naomi.rivera@northstar.example,Naomi Rivera,172.22.9.13,Northstar Claims Portal,Azure Resource Manager,Browser,notApplied,"{""errorCode"": 50074, ""failureReason"": ""Strong authentication is required."", ""additionalDetails"": ""MFA required""}","{""deviceId"": ""8e78a86c-bf15-46c5-8272-4695fc26d334"", ""displayName"": ""LT-RIVER-7742"", ""operatingSystem"": ""Windows 11"", ""browser"": ""Mobile Safari 18.5""}","{""city"": ""Indianapolis"", ""state"": ""IL"", ""countryOrRegion"": ""US""}",singleFactorAuthentication,f8208a34-0294-422d-a0c8-831d1ddc2095,b38b2e51-7b08-4ec7-be7b-eb4ffb742088,Northstar Research Group,saml assertion,false,2df0bb24-b013-46f7-b595-3e23631f3098,afd9f242-5dbd-47d0-a7f7-b24821511b2f,GitHub Enterprise,Outlook-iOS/4.2405.0,"[{""authenticationMethod"": ""FIDO2 security key"", ""succeeded"": false, ""authenticationStepDateTime"": ""2026-05-15T16:09:33Z""}]","[{""networkType"": ""trustedNamedLocation"", ""networkNames"": [""Vendor-SASE""]}]"
2026-05-15T16:10:10Z,20aff0a7-3342-443c-9655-7555d5b9c889,eliot.park@field.example.net,Eliot Park,192.168.66.21,Northstar Claims Portal,Northstar Claims API,Other clients,failure,"{""errorCode"": 0, ""failureReason"": ""None"", ""additionalDetails"": ""MFA completed""}","{""deviceId"": ""c53ba4b9-9469-4d40-b69e-e5267b65199a"", ""displayName"": ""VDI-CALL-0902"", ""operatingSystem"": ""iOS 18.5"", ""browser"": ""Edge 125.0.2535.67""}","{""city"": ""Indianapolis"", ""state"": ""IN"", ""countryOrRegion"": ""US""}",singleFactorAuthentication,ee808f7c-4cef-40bc-9645-c8efe62ef7d2,a8e9bca3-0955-431e-bd92-81b264f68184,Northstar Research Group,none,true,e02b10ed-e896-4fac-8d3a-f56728110db9,591ff59a-0ec1-4c35-9844-828d2a2d6114,Northstar Claims Portal,Outlook-iOS/4.2405.0,"[{""authenticationMethod"": ""Microsoft Authenticator notification"", ""succeeded"": true, ""authenticationStepDateTime"": ""2026-05-15T16:10:10Z""}]","[{""networkType"": ""trustedNamedLocation"", ""networkNames"": [""HQ-VPN""]}]"
2026-05-15T16:10:47Z,faa6aa03-3684-4ef3-b1a8-64bfb9a6faf5,marco.silva@keystone.example.org,Marco Silva,172.22.9.12,GitHub Enterprise SSO,Azure Resource Manager,Browser,notApplied,"{""errorCode"": 0, ""failureReason"": ""None"", ""additionalDetails"": ""MFA completed""}","{""deviceId"": ""d1100c1b-4604-4537-9a6f-53b00a43a78c"", ""displayName"": ""SRV-ASTER-01"", ""operatingSystem"": ""macOS 15.4"", ""browser"": ""Mobile Safari 18.5""}","{""city"": ""Columbus"", ""state"": ""IL"", ""countryOrRegion"": ""US""}",multiFactorAuthentication,3fe3842c-2fa9-4485-9d91-f7b258061c78,c3c9e397-acd1-489e-b0f2-9edf11bd8d08,Northstar Research Group,none,true,48eb6ec1-025a-46b4-b46d-1597d38d0999,901e3fd2-11c3-4d6f-ae22-2031ebac5540,Northstar Claims Portal,Mozilla/5.0 (Windows NT 10.0; Win64; x64) AppleWebKit/537.36,"[{""authenticationMethod"": ""Password"", ""succeeded"": true, ""authenticationStepDateTime"": ""2026-05-15T16:10:47Z""}]","[{""networkType"": ""trustedNamedLocation"", ""networkNames"": [""Vendor-SASE""]}]"
2026-05-15T16:11:24Z,2289147a-d6aa-47f6-a81c-02238d9b5953,rhea.maddox@northstar.example,Rhea Maddox,172.22.9.17,Microsoft Teams,SharePoint Online,Browser,notApplied,"{""errorCode"": 0, ""failureReason"": ""None"", ""additionalDetails"": ""MFA required""}","{""deviceId"": ""acd44430-df7c-437c-8c8b-3d9b3555ea5f"", ""displayName"": ""gw-cobalt-02"", ""operatingSystem"": ""Windows 11"", ""browser"": ""Edge 125.0.2535.67""}","{""city"": ""Indianapolis"", ""state"": ""IL"", ""countryOrRegion"": ""US""}",singleFactorAuthentication,ee2eac6b-35d5-42fb-88a1-36df485c4dc9,401fc5b8-77d6-472e-8552-4c88ce76a5a7,Northstar Research Group,none,true,43d1141f-8828-44e8-a1f1-c83fec9ccf82,f7e2b87e-b2d9-400f-b069-139d09c389ef,GitHub Enterprise,Mozilla/5.0 (Windows NT 10.0; Win64; x64) AppleWebKit/537.36,"[{""authenticationMethod"": ""Password"", ""succeeded"": true, ""authenticationStepDateTime"": ""2026-05-15T16:11:24Z""}]","[{""networkType"": ""trustedNamedLocation"", ""networkNames"": [""HQ-VPN""]}]"
